round,lr,mean_client_loss_total,mean_client_loss_rul,mean_client_loss_fault,macro_rmse,macro_nasa_score,macro_auprc,macro_f1,round_seconds,client_1_rmse,client_1_f1,client_2_rmse,client_2_f1,client_3_rmse,client_3_f1,client_4_rmse,client_4_f1
1,0.001,721.0568983745259,719.9276508865287,2.258493124756862,63.68548107147217,131826.87093238608,0.20411150609640086,0.3667047342192691,13.280951199994888,63.200347900390625,0.38125,63.11213302612305,0.38125,64.11138916015625,0.3521594684385382,64.31805419921875,0.3521594684385382
2,0.0009989726963751681,443.12814646246807,441.9604580703207,2.335375674870278,43.322144508361816,59964.51242782518,0.2713994393345087,0.0,11.790893099969253,43.004539489746094,0.0,42.9919548034668,0.0,43.77968215942383,0.0,43.51240158081055,0.0
3,0.000995895006911623,289.34643325248044,288.2450665778248,2.2027329401089784,29.409473419189453,34493.83455616303,0.7073727337899742,0.7040662363894205,11.715723400004208,26.144071578979492,0.7286821705426356,25.601865768432617,0.738255033557047,33.73092269897461,0.6776859504132231,32.161033630371094,0.6716417910447762
4,0.0009907795784955327,159.04767443484315,158.52692735211403,1.0414943151604095,26.718381881713867,16747.2589128205,0.7223225504100228,0.7443249027575678,11.632918100047391,24.070016860961914,0.7761194029850746,23.931825637817383,0.7692307692307693,29.31330680847168,0.7101449275362319,29.558378219604492,0.7218045112781954
5,0.0009836474315195148,149.351343629619,149.04245530111143,0.6177761222194125,25.8087477684021,11945.745620433245,0.7656008193728318,0.7335141490114364,11.972994099953212,22.717269897460938,0.782608695652174,22.46686553955078,0.7567567567567568,28.793163299560547,0.7050359712230215,29.257692337036133,0.6896551724137931
6,0.0009745278735053344,142.5187108090362,142.2568031430787,0.5238159007344203,24.43071413040161,8865.427283703559,0.8259354637744895,0.7605463903457889,11.942888399993535,21.450075149536133,0.7916666666666666,21.40424919128418,0.7549668874172185,27.22939109802246,0.765625,27.639141082763672,0.7299270072992701
7,0.0009634583786730109,134.46818864502507,134.23229424425463,0.47178916548966715,23.36726188659668,8538.764645891668,0.8594795729446497,0.7889948215125171,11.660339499998372,21.207223892211914,0.8201438848920863,20.991971969604492,0.7916666666666666,25.5237979888916,0.7903225806451613,25.74605369567871,0.7538461538461538
8,0.0009504844339512095,129.43971328362514,129.21979112554277,0.43984416064173,22.72675085067749,7096.248329461103,0.8772878326796968,0.7754106647460521,11.66906210000161,20.403423309326172,0.8028169014084507,20.235153198242188,0.76,24.983654022216797,0.78125,25.284772872924805,0.7575757575757576
9,0.0009356593520616947,125.10954174576062,124.90196452658111,0.41515428109289554,22.41136598587036,7521.032110562007,0.883082529079721,0.7929031348818364,11.740802000043914,20.34757423400879,0.8028169014084507,20.035951614379883,0.8028169014084507,24.54143714904785,0.7967479674796748,24.720500946044922,0.7692307692307693
10,0.0009190440524459203,121.95634778977045,121.75557246633674,0.4015511220062364,22.42880344390869,10730.750679520594,0.8890292806470595,0.8072841149097181,11.692968799965456,21.4268741607666,0.8208955223880597,20.59548568725586,0.8175182481751825,23.921213150024414,0.8067226890756303,23.77164077758789,0.784
11,0.0009007068109339783,120.73103046568721,120.53630863807524,0.38944359051224287,21.89571762084961,5685.254314583077,0.9030698223942237,0.7791079273686894,11.713324399956036,19.704147338867188,0.8085106382978723,19.73351287841797,0.76,23.969860076904297,0.7751937984496124,24.175350189208984,0.7727272727272727
12,0.0008807229791845672,118.42110448121444,118.22920636073277,0.38379614852007415,21.608567237854004,7501.558252656749,0.9035962335148129,0.8021574095197628,12.28199330001371,19.928871154785156,0.8175182481751825,19.76856231689453,0.8235294117647058,23.362390518188477,0.7933884297520661,23.37444496154785,0.7741935483870968
13,0.0008591746750488638,115.89115167143557,115.7013843949502,0.37953462330747845,21.22163963317871,6431.101359279847,0.9077052009951981,0.8008127624006438,11.67386360000819,19.737241744995117,0.8175182481751825,19.41008949279785,0.8115942028985508,22.879226684570312,0.7804878048780488,22.860000610351562,0.7936507936507936
14,0.0008361504451306584,113.82528192901404,113.64324083777154,0.364081425024251,21.10725975036621,5408.269733892301,0.9082398393643474,0.7971309109646589,11.761547000030987,19.39251708984375,0.8057553956834532,19.290729522705078,0.8175182481751825,22.840126037597656,0.78125,22.90566635131836,0.784
15,0.0008117449009293668,111.70884642036043,111.53048040995893,0.35673195214351694,20.866815090179443,5646.622227167245,0.9106718602467792,0.8091299802060599,11.682077299978118,19.16036033630371,0.8421052631578947,19.055320739746094,0.8235294117647058,22.58257293701172,0.7868852459016393,22.66900634765625,0.784
16,0.0007860583300610849,110.24129766459205,110.06286225095761,0.35687085000351687,20.762682914733887,5257.013648735011,0.9053504607999889,0.8010715328827587,12.701830699981656,18.831958770751953,0.8226950354609929,18.770299911499023,0.7945205479452054,22.63960075378418,0.7967479674796748,22.80887222290039,0.7903225806451613
17,0.0007591962841552626,108.10000814758664,107.92750267375396,0.3450109467750086,21.23452663421631,8348.0705634482,0.919121069486961,0.8230705077974518,11.773684500018135,20.325578689575195,0.8461538461538461,19.8394832611084,0.835820895522388,22.43137550354004,0.8135593220338984,22.3416690826416,0.7967479674796748
18,0.0007312691451204176,108.34022152068732,108.16708480894641,0.3462732911269911,20.433963298797607,4859.563653770388,0.9211867360697931,0.7972445833392792,11.890963999961969,18.73698616027832,0.8028169014084507,18.71604347229004,0.8085106382978723,22.072938919067383,0.784,22.209884643554688,0.7936507936507936
19,0.0007023916715611969,105.70849368005388,105.53876809442771,0.33945135715942704,20.402324199676514,5332.851759114126,0.916094512640614,0.8054668465160396,11.888867900008336,18.732452392578125,0.8142857142857143,18.542388916015625,0.8169014084507042,22.10161590576172,0.8032786885245902,22.232839584350586,0.7874015748031497
20,0.0006726825272106538,103.84889575149175,103.68093204452259,0.33592742749496124,20.22696542739868,5255.685462304165,0.918906464989184,0.8099564290988626,12.53020869998727,18.669700622558594,0.8235294117647058,18.53655433654785,0.8226950354609929,21.795665740966797,0.7903225806451613,21.905941009521484,0.8032786885245902
21,0.0006422637933155162,102.62619981857813,102.46062333745684,0.3311530742975496,20.391533851623535,6362.053760055444,0.9255234647787209,0.8135609259590948,11.866617600026075,19.191341400146484,0.8235294117647058,18.76999855041504,0.8175182481751825,21.914321899414062,0.8099173553719008,21.690473556518555,0.8032786885245902
22,0.0006112604669781572,102.2872453978965,102.12064844071854,0.33319390114671765,20.014021396636963,5300.236440882509,0.9281877413959547,0.8120750974409512,11.502857699990273,18.36239242553711,0.8296296296296296,18.220495223999023,0.8251748251748252,21.669212341308594,0.7967479674796748,21.803985595703125,0.7967479674796748
23,0.0005797999475166897,100.09019396106993,99.92374435303813,0.33289927234973604,20.030596256256104,4239.159289511566,0.9307040736618452,0.8142660784264575,11.815260100003798,18.153512954711914,0.8345323741007195,18.31180191040039,0.8,21.722152709960938,0.8130081300813008,21.934917449951172,0.8095238095238095
24,0.0005480115129538409,99.15030210117652,98.99120021055916,0.31820360289931293,19.89121437072754,5183.783997333672,0.9283522758515651,0.8196616422621272,11.646030399948359,18.37192726135254,0.835820895522388,18.22117042541504,0.8296296296296296,21.501102447509766,0.8099173553719008,21.470657348632812,0.8032786885245902
25,0.0005160257887858277,97.82923356682693,97.66997523244953,0.3185164498755269,19.643634796142578,4152.652851905423,0.9320276220473049,0.8233790546981367,11.720219100010581,17.693979263305664,0.8345323741007195,17.795167922973633,0.8275862068965517,21.422760009765625,0.8188976377952756,21.66263198852539,0.8125
26,0.0004839742112141724,96.5124073858977,96.35584737817638,0.313119935496341,19.802762508392334,5500.930315911585,0.9340643645736951,0.8401967053519495,11.684358400001656,18.424814224243164,0.8636363636363636,18.148117065429688,0.8345323741007195,21.35898208618164,0.8421052631578947,21.279136657714844,0.8205128205128205
27,0.0004519884870461591,96.15202070187692,95.99272685924129,0.31858766735519434,19.597468376159668,5067.524262680256,0.9381070527960138,0.8367201575930866,11.76990370004205,18.106752395629883,0.8405797101449275,17.9713134765625,0.8368794326241135,21.181673049926758,0.8264462809917356,21.13013458251953,0.8429752066115702
28,0.0004202000524833105,95.36769207381798,95.21275451050687,0.3098753253393849,19.48909330368042,3456.6988548448057,0.9305403021320978,0.8095082900530981,11.429138700012118,17.55661964416504,0.8285714285714286,17.828346252441406,0.821917808219178,21.17894172668457,0.7936507936507936,21.392465591430664,0.7938931297709924
29,0.00038873953302184284,94.21292725861417,94.05889507205683,0.3080643765812492,19.537837982177734,4971.182722613656,0.9385483350941415,0.8420231369383911,12.613526700006332,18.02751922607422,0.8444444444444444,17.926767349243164,0.8428571428571429,21.136180877685547,0.8333333333333334,21.060884475708008,0.847457627118644
30,0.0003577362066844838,93.24061866222348,93.08804558060072,0.3051459641814037,19.40971326828003,4125.001156230939,0.9372231812309886,0.8257799421045913,11.8356172000058,17.6668643951416,0.8345323741007195,17.75745964050293,0.8428571428571429,21.048261642456055,0.8225806451612904,21.16626739501953,0.8031496062992126
31,0.0003273174727893463,92.50157759178587,92.34942904192854,0.3042971814465043,19.18430233001709,3697.2647401889017,0.9331482034495939,0.8233431966156969,11.769126200000755,17.379600524902344,0.8405797101449275,17.476415634155273,0.8333333333333334,20.887670516967773,0.8064516129032258,20.99352264404297,0.8130081300813008
32,0.0002976083284388031,92.00163106530479,91.84850542484675,0.3062515763798577,19.182284355163574,3875.5549573010658,0.9313273180105867,0.8333333333333334,11.788585399976,17.37895393371582,0.8333333333333334,17.363632202148438,0.8333333333333334,20.9852237701416,0.8333333333333334,21.001327514648438,0.8333333333333334
33,0.0002687308548795825,90.90438191109047,90.75435426799598,0.3000553399806737,19.20319700241089,4069.111603610038,0.9387996919316678,0.8386528495970189,11.750040000013541,17.543018341064453,0.8467153284671532,17.55095863342285,0.8489208633093526,20.833417892456055,0.8429752066115702,20.885393142700195,0.816
34,0.00024080371584473748,90.11831879591134,89.96955580896314,0.2975261621183414,19.084786415100098,3569.6540042004954,0.9334570916850731,0.8313483162472933,11.882096999965142,17.24959373474121,0.8391608391608392,17.340572357177734,0.8275862068965517,20.82420539855957,0.8360655737704918,20.924774169921875,0.8225806451612904
35,0.0002139416699389153,89.75882046513007,89.61188984827456,0.2938613510888908,19.082424640655518,3616.4486854122606,0.9376063803722575,0.8408713645995298,11.585422500036657,17.236351013183594,0.855072463768116,17.332677841186523,0.8428571428571429,20.828933715820312,0.8225806451612904,20.93173599243164,0.8429752066115702
36,0.00018825509907063325,89.58382290944328,89.43672869600267,0.29418823233204,19.1526198387146,3850.8327739152596,0.9396839980462921,0.8441323248403537,11.625654499977827,17.429840087890625,0.8467153284671532,17.445600509643555,0.8633093525179856,20.8477783203125,0.8235294117647058,20.88726043701172,0.8429752066115702
37,0.00016384955486934162,88.7407112281752,88.59372699391874,0.2939683488715088,19.017794132232666,3535.811112362693,0.9371498762986772,0.8331429827514635,11.585787700023502,17.269672393798828,0.8489208633093526,17.32284164428711,0.8450704225352113,20.684307098388672,0.8225806451612904,20.794355392456055,0.816
38,0.00014082532495113625,88.68750927166278,88.54195055469117,0.2911172663264418,18.971609592437744,3377.949339249138,0.9375330854922893,0.8389643649944973,11.770321400021203,17.165077209472656,0.855072463768116,17.254064559936523,0.8450704225352113,20.69602394104004,0.8264462809917356,20.771272659301758,0.8292682926829268
39,0.0001192770208154328,88.47866501179533,88.33331447291621,0.2907011123369513,19.03455638885498,3441.29478271901,0.9354610677908717,0.8413296398875012,11.755153800011612,17.122600555419922,0.8489208633093526,17.215084075927734,0.851063829787234,20.869558334350586,0.8360655737704918,20.93098258972168,0.8292682926829268
40,9.929318906602175e-05,88.11413265762192,87.9680297477517,0.2922058734942699,18.979079723358154,3124.923635954874,0.9360765925284136,0.8361165139967249,11.786189900012687,17.10293960571289,0.8571428571428571,17.24117088317871,0.8450704225352113,20.72356414794922,0.819672131147541,20.848644256591797,0.8225806451612904
41,8.09559475540797e-05,88.30572393389673,88.16044681493963,0.2905542017148469,19.171367168426514,4011.2090310300327,0.9402930496515318,0.8440755397528164,11.637641899986193,17.383310317993164,0.8613138686131386,17.399314880371094,0.8428571428571429,20.95214080810547,0.8360655737704918,20.950702667236328,0.8360655737704918
42,6.43406479383053e-05,88.39287255731082,88.24838752517721,0.28897029612712527,19.076759338378906,3160.996250142484,0.9359555172275817,0.8305822809082932,11.760706999979448,17.086267471313477,0.851063829787234,17.252729415893555,0.8391608391608392,20.919105529785156,0.8225806451612904,21.048934936523438,0.8095238095238095
43,4.9515566048790485e-05,88.20468961247789,88.05969378867816,0.2899918795547626,19.072891235351562,3529.868858970855,0.9376725754220909,0.8355593673513545,11.588271000015084,17.180635452270508,0.8489208633093526,17.23141860961914,0.851063829787234,20.9145565032959,0.819672131147541,20.964954376220703,0.8225806451612904
44,3.654162132698918e-05,88.34860901793893,88.20396184665306,0.2892943531892425,19.246196746826172,4187.346597677406,0.9411953527756943,0.8395522244528146,12.02861949999351,17.509572982788086,0.8613138686131386,17.43712615966797,0.8428571428571429,21.04901885986328,0.8305084745762712,20.98906898498535,0.8235294117647058
45,2.547212649466568e-05,88.92924068294937,88.7832213907378,0.2920385587097707,19.071160793304443,3554.0482704448705,0.9375269361253533,0.8355593673513545,11.60102049994748,17.176240921020508,0.8489208633093526,17.208093643188477,0.851063829787234,20.934850692749023,0.819672131147541,20.965457916259766,0.8225806451612904
46,1.6352568480485276e-05,88.9354494694425,88.78981898077862,0.29126105683009135,19.105220317840576,3494.6637806439285,0.9378540270168225,0.8322951584419842,11.734675899962895,17.146221160888672,0.8489208633093526,17.231313705444336,0.851063829787234,20.98029327392578,0.819672131147541,21.063053131103516,0.8095238095238095
47,9.22042150446728e-06,88.96759601259488,88.82295535606261,0.2892817758207829,19.121726512908936,3550.3347961689483,0.9381131165284727,0.8339142060610318,13.453422599995974,17.193527221679688,0.8489208633093526,17.26886558532715,0.851063829787234,20.975502014160156,0.819672131147541,21.04901123046875,0.816
48,4.104993088376974e-06,89.70528185215527,89.55992476978925,0.29071417561158697,19.10364007949829,3554.3674548936106,0.9383884076586827,0.8339142060610318,11.848172500031069,17.2113037109375,0.8489208633093526,17.267118453979492,0.851063829787234,20.93732261657715,0.819672131147541,20.998815536499023,0.816
49,1.0273036248318324e-06,90.36454530100336,90.21918179097821,0.29072729809813114,19.099546432495117,3565.5228468313035,0.9383712132659975,0.8339142060610318,11.7371752000181,17.22468376159668,0.8489208633093526,17.272998809814453,0.851063829787234,20.922752380371094,0.819672131147541,20.977750778198242,0.816
50,0.0,90.91187152341163,90.76658476056136,0.29057374126208124,19.099546432495117,3565.5228468313035,0.9383712132659975,0.8339142060610318,11.839121899974998,17.22468376159668,0.8489208633093526,17.272998809814453,0.851063829787234,20.922752380371094,0.819672131147541,20.977750778198242,0.816
